<?xml version="1.0" encoding="UTF-8"?>
<project-private xmlns="http://www.netbeans.org/ns/project-private/1">
    <editor-bookmarks xmlns="http://www.netbeans.org/ns/editor-bookmarks/2" lastBookmarkId="0"/>
    <open-files xmlns="http://www.netbeans.org/ns/projectui-open-files/2">
        <group>
            <file>file:/C:/xampp/htdocs/zolid_on_air/application/models/data/Dao_vm_model.php</file>
            <file>file:/C:/xampp/htdocs/zolid_on_air/application/views/acsView.php</file>
            <file>file:/C:/xampp/htdocs/zolid_on_air/assets/js/modules/acs.js</file>
            <file>file:/C:/xampp/htdocs/zolid_on_air/application/config/db.php</file>
            <file>file:/C:/xampp/htdocs/zolid_on_air/application/controllers/Acs.php</file>
            <file>file:/C:/xampp/htdocs/zolid_on_air/application/views/principalvm.php</file>
        </group>
    </open-files>
</project-private>
