use on_air;

/*Tabla regional*/

INSERT into regional (k_id_regional, n_name_regional) values(1,'Centro');
INSERT into regional (k_id_regional, n_name_regional) values(2,'Costa');
INSERT into regional (k_id_regional, n_name_regional) values(3,'Nor Occidente');
INSERT into regional (k_id_regional, n_name_regional) values(4,'Nor Oriente');
INSERT into regional (k_id_regional, n_name_regional) values(5,'Oriente');
INSERT into regional (k_id_regional, n_name_regional) values(6,'Sur Occidente');


/* Tabla Ciudad */
insert into city (k_id_city, k_id_regional, n_name_city) values (1,1,'Bogota');
insert into city (k_id_city, k_id_regional, n_name_city) values (2,1,'Chia');
insert into city (k_id_city, k_id_regional, n_name_city) values (3,1,'Cundinamarca');
insert into city (k_id_city, k_id_regional, n_name_city) values (4,1,'San Andres');
insert into city (k_id_city, k_id_regional, n_name_city) values (5,1,'Soacha');
insert into city (k_id_city, k_id_regional, n_name_city) values (6,2,'Atlantico');
insert into city (k_id_city, k_id_regional, n_name_city) values (7,2,'Barranquilla');
insert into city (k_id_city, k_id_regional, n_name_city) values (8,2,'Bolivar');
insert into city (k_id_city, k_id_regional, n_name_city) values (9,2,'Cartagena');
insert into city (k_id_city, k_id_regional, n_name_city) values (10,2,'Cesar');
insert into city (k_id_city, k_id_regional, n_name_city) values (11,2,'Cordoba');
insert into city (k_id_city, k_id_regional, n_name_city) values (12,2,'Guajira');
insert into city (k_id_city, k_id_regional, n_name_city) values (13,2,'Magdalena');
insert into city (k_id_city, k_id_regional, n_name_city) values (14,2,'Monteria');
insert into city (k_id_city, k_id_regional, n_name_city) values (15,2,'Sincelejo');
insert into city (k_id_city, k_id_regional, n_name_city) values (16,2,'Sucre');
insert into city (k_id_city, k_id_regional, n_name_city) values (17,2,'Valledupar');
insert into city (k_id_city, k_id_regional, n_name_city) values (18,3,'Antioquia');
insert into city (k_id_city, k_id_regional, n_name_city) values (19,3,'Caldas');
insert into city (k_id_city, k_id_regional, n_name_city) values (20,3,'Cauca');
insert into city (k_id_city, k_id_regional, n_name_city) values (21,3,'Choco');
insert into city (k_id_city, k_id_regional, n_name_city) values (22,3,'Medellin');
insert into city (k_id_city, k_id_regional, n_name_city) values (23,3,'Pereira');
insert into city (k_id_city, k_id_regional, n_name_city) values (24,3,'Quindio');
insert into city (k_id_city, k_id_regional, n_name_city) values (25,3,'Risaralda');
insert into city (k_id_city, k_id_regional, n_name_city) values (26,4,'Barrancabermeja');
insert into city (k_id_city, k_id_regional, n_name_city) values (27,4,'Boyaca');
insert into city (k_id_city, k_id_regional, n_name_city) values (28,4,'Bucaramanga');
insert into city (k_id_city, k_id_regional, n_name_city) values (29,4,'Cucuta');
insert into city (k_id_city, k_id_regional, n_name_city) values (30,4,'Norte de Santander');
insert into city (k_id_city, k_id_regional, n_name_city) values (31,4,'Santander');
insert into city (k_id_city, k_id_regional, n_name_city) values (32,4,'Tunja');
insert into city (k_id_city, k_id_regional, n_name_city) values (33,5,'Arauca');
insert into city (k_id_city, k_id_regional, n_name_city) values (34,5,'Casanare');
insert into city (k_id_city, k_id_regional, n_name_city) values (35,5,'Chia');
insert into city (k_id_city, k_id_regional, n_name_city) values (36,5,'Cundinamarca');
insert into city (k_id_city, k_id_regional, n_name_city) values (37,5,'Girardot');
insert into city (k_id_city, k_id_regional, n_name_city) values (38,5,'Meta');
insert into city (k_id_city, k_id_regional, n_name_city) values (39,5,'Vichada');
insert into city (k_id_city, k_id_regional, n_name_city) values (40,5,'Villavicencio');
insert into city (k_id_city, k_id_regional, n_name_city) values (41,5,'Yopal');
insert into city (k_id_city, k_id_regional, n_name_city) values (42,6,'Buenaventura');
insert into city (k_id_city, k_id_regional, n_name_city) values (43,6,'Cali');
insert into city (k_id_city, k_id_regional, n_name_city) values (44,6,'Caqueta');
insert into city (k_id_city, k_id_regional, n_name_city) values (45,6,'Cauca');
insert into city (k_id_city, k_id_regional, n_name_city) values (46,6,'Cucuta');
insert into city (k_id_city, k_id_regional, n_name_city) values (47,6,'Florencia');
insert into city (k_id_city, k_id_regional, n_name_city) values (48,6,'Huila');
insert into city (k_id_city, k_id_regional, n_name_city) values (49,6,'Ibague');
insert into city (k_id_city, k_id_regional, n_name_city) values (50,6,'Nariño');
insert into city (k_id_city, k_id_regional, n_name_city) values (51,6,'Popayan');
insert into city (k_id_city, k_id_regional, n_name_city) values (52,6,'Putumayo');
insert into city (k_id_city, k_id_regional, n_name_city) values (53,6,'Santander');
insert into city (k_id_city, k_id_regional, n_name_city) values (54,6,'Tolima');
insert into city (k_id_city, k_id_regional, n_name_city) values (55,6,'Tulua');
insert into city (k_id_city, k_id_regional, n_name_city) values (56,6,'Valle');
insert into city (k_id_city, k_id_regional, n_name_city) values (57,6,'Valle del Cauca');

/* Tabla station */
insert into station (k_id_station, k_id_city, n_name_station) values (1,1,'BOG.7 de Agosto');
insert into station (k_id_station, k_id_city, n_name_station) values (2,1,'BOG.Alameda');
insert into station (k_id_station, k_id_city, n_name_station) values (3,1,'BOG.Alamos-2');
insert into station (k_id_station, k_id_city, n_name_station) values (4,1,'BOG.Alborada');
insert into station (k_id_station, k_id_city, n_name_station) values (5,1,'BOG.Alqueria');
insert into station (k_id_station, k_id_city, n_name_station) values (6,1,'BOG.Andes-2');
insert into station (k_id_station, k_id_city, n_name_station) values (7,1,'BOG.Antonio Granados');
insert into station (k_id_station, k_id_city, n_name_station) values (8,1,'BOG.Argelia');
insert into station (k_id_station, k_id_city, n_name_station) values (9,1,'BOG.Armenia');
insert into station (k_id_station, k_id_city, n_name_station) values (10,1,'BOG.Armenia-2');
insert into station (k_id_station, k_id_city, n_name_station) values (11,1,'BOG.Arrayanes');
insert into station (k_id_station, k_id_city, n_name_station) values (12,1,'BOG.Atavanza');
insert into station (k_id_station, k_id_city, n_name_station) values (13,1,'BOG.Atlantis');
insert into station (k_id_station, k_id_city, n_name_station) values (14,1,'BOG.AV Colon');
insert into station (k_id_station, k_id_city, n_name_station) values (15,1,'BOG.Banderas-2');
insert into station (k_id_station, k_id_city, n_name_station) values (16,1,'BOG.Bellavista');
insert into station (k_id_station, k_id_city, n_name_station) values (17,1,'BOG.Benjamin Herrera');
insert into station (k_id_station, k_id_city, n_name_station) values (18,1,'BOG.Bodegas Hayuelos:H2');
insert into station (k_id_station, k_id_city, n_name_station) values (19,1,'BOG.Boita');
insert into station (k_id_station, k_id_city, n_name_station) values (20,1,'BOG.Bosa Jimenez');
insert into station (k_id_station, k_id_city, n_name_station) values (21,1,'BOG.Bosconia');
insert into station (k_id_station, k_id_city, n_name_station) values (22,1,'BOG.Bosque Izquierdo');
insert into station (k_id_station, k_id_city, n_name_station) values (23,1,'BOG.Cabana');
insert into station (k_id_station, k_id_city, n_name_station) values (24,1,'BOG.Calle 26:P1');
insert into station (k_id_station, k_id_city, n_name_station) values (25,1,'BOG.Calle 45');
insert into station (k_id_station, k_id_city, n_name_station) values (26,1,'BOG.Calle 57');
insert into station (k_id_station, k_id_city, n_name_station) values (27,1,'BOG.Can-2');
insert into station (k_id_station, k_id_city, n_name_station) values (28,1,'BOG.Candelaria la Nueva');
insert into station (k_id_station, k_id_city, n_name_station) values (29,1,'BOG.Canodromo');
insert into station (k_id_station, k_id_city, n_name_station) values (30,1,'BOG.Carimagua');
insert into station (k_id_station, k_id_city, n_name_station) values (31,1,'BOG.Carulla QC');
insert into station (k_id_station, k_id_city, n_name_station) values (32,1,'BOG.Castilla');
insert into station (k_id_station, k_id_city, n_name_station) values (33,1,'BOG.Catam');
insert into station (k_id_station, k_id_city, n_name_station) values (34,1,'BOG.Cedros');
insert into station (k_id_station, k_id_city, n_name_station) values (35,1,'BOG.Centro industrial n');
insert into station (k_id_station, k_id_city, n_name_station) values (36,1,'BOG.Chapinero-1');
insert into station (k_id_station, k_id_city, n_name_station) values (37,1,'BOG.Chapinero-3');
insert into station (k_id_station, k_id_city, n_name_station) values (38,1,'BOG.Chico Oriental');
insert into station (k_id_station, k_id_city, n_name_station) values (39,1,'BOG.Ciudad Jardin');
insert into station (k_id_station, k_id_city, n_name_station) values (40,1,'BOG.Coca Cola');
insert into station (k_id_station, k_id_city, n_name_station) values (41,1,'BOG.Corabastos');
insert into station (k_id_station, k_id_city, n_name_station) values (42,1,'BOG.Don Bosco P1');
insert into station (k_id_station, k_id_city, n_name_station) values (43,1,'BOG.El Lago-1');
insert into station (k_id_station, k_id_city, n_name_station) values (44,1,'BOG.Emaus-1');
insert into station (k_id_station, k_id_city, n_name_station) values (45,1,'BOG.Estadio Campin');
insert into station (k_id_station, k_id_city, n_name_station) values (46,1,'BOG.Exito Boyaca');
insert into station (k_id_station, k_id_city, n_name_station) values (47,1,'BOG.Exito Suba');
insert into station (k_id_station, k_id_city, n_name_station) values (48,1,'BOG.Floresta-2');
insert into station (k_id_station, k_id_city, n_name_station) values (49,1,'BOG.Fontibon HB');
insert into station (k_id_station, k_id_city, n_name_station) values (50,1,'BOG.Gaitana');
insert into station (k_id_station, k_id_city, n_name_station) values (51,1,'BOG.Galan');
insert into station (k_id_station, k_id_city, n_name_station) values (52,1,'BOG.Galan-2');
insert into station (k_id_station, k_id_city, n_name_station) values (53,1,'BOG.Galerias-1');
insert into station (k_id_station, k_id_city, n_name_station) values (54,1,'BOG.Germania');
insert into station (k_id_station, k_id_city, n_name_station) values (55,1,'BOG.Gran Estacion');
insert into station (k_id_station, k_id_city, n_name_station) values (56,1,'BOG.Grupo AR');
insert into station (k_id_station, k_id_city, n_name_station) values (57,1,'BOG.Gustavo Restrepo');
insert into station (k_id_station, k_id_city, n_name_station) values (58,1,'BOG.H Simon Bolivar');
insert into station (k_id_station, k_id_city, n_name_station) values (59,1,'BOG.Heroes-1');
insert into station (k_id_station, k_id_city, n_name_station) values (60,1,'BOG.Heroes-2');
insert into station (k_id_station, k_id_city, n_name_station) values (61,1,'BOG.Ilarco');
insert into station (k_id_station, k_id_city, n_name_station) values (62,1,'BOG.IND Autonal 128');
insert into station (k_id_station, k_id_city, n_name_station) values (63,1,'BOG.IND Campin');
insert into station (k_id_station, k_id_city, n_name_station) values (64,1,'BOG.IND Campin Nodo 1');
insert into station (k_id_station, k_id_city, n_name_station) values (65,1,'BOG.IND Campin Nodo 2');
insert into station (k_id_station, k_id_city, n_name_station) values (66,1,'BOG.IND Campin Nodo 3');
insert into station (k_id_station, k_id_city, n_name_station) values (67,1,'BOG.IND Campin Nodo 4');
insert into station (k_id_station, k_id_city, n_name_station) values (68,1,'BOG.IND Claro Suba-2');
insert into station (k_id_station, k_id_city, n_name_station) values (69,1,'BOG.IND Claro Suba-3');
insert into station (k_id_station, k_id_city, n_name_station) values (70,1,'BOG.IND Convenciones Cubo');
insert into station (k_id_station, k_id_city, n_name_station) values (71,1,'BOG.IND Convenciones Cubo-3');
insert into station (k_id_station, k_id_city, n_name_station) values (72,1,'BOG.IND Fundacion Santafe-6');
insert into station (k_id_station, k_id_city, n_name_station) values (73,1,'BOG.IND Nissan Morato');
insert into station (k_id_station, k_id_city, n_name_station) values (74,1,'BOG.IND Rastreo Salitre');
insert into station (k_id_station, k_id_city, n_name_station) values (75,1,'BOG.IND Siemens 113');
insert into station (k_id_station, k_id_city, n_name_station) values (76,1,'BOG.Ingles');
insert into station (k_id_station, k_id_city, n_name_station) values (77,1,'BOG.Jazmin-2');
insert into station (k_id_station, k_id_city, n_name_station) values (78,1,'BOG.La Magdalena');
insert into station (k_id_station, k_id_city, n_name_station) values (79,1,'BOG.La Magdalena-2');
insert into station (k_id_station, k_id_city, n_name_station) values (80,1,'BOG.La Merced');
insert into station (k_id_station, k_id_city, n_name_station) values (81,1,'BOG.La Sante');
insert into station (k_id_station, k_id_city, n_name_station) values (82,1,'BOG.La Unidad');
insert into station (k_id_station, k_id_city, n_name_station) values (83,1,'BOG.La Uribe');
insert into station (k_id_station, k_id_city, n_name_station) values (84,1,'BOG.Las Violetas');
insert into station (k_id_station, k_id_city, n_name_station) values (85,1,'BOG.Libertador');
insert into station (k_id_station, k_id_city, n_name_station) values (86,1,'BOG.Lorencita Villegas');
insert into station (k_id_station, k_id_city, n_name_station) values (87,1,'BOG.Los Laureles');
insert into station (k_id_station, k_id_city, n_name_station) values (88,1,'BOG.Los Olivos');
insert into station (k_id_station, k_id_city, n_name_station) values (89,1,'BOG.Lujan');
insert into station (k_id_station, k_id_city, n_name_station) values (90,1,'BOG.Madelena');
insert into station (k_id_station, k_id_city, n_name_station) values (91,1,'BOG.Marco Fidel Suarez');
insert into station (k_id_station, k_id_city, n_name_station) values (92,1,'BOG.Marroquinera');
insert into station (k_id_station, k_id_city, n_name_station) values (93,1,'BOG.Mazuren-2');
insert into station (k_id_station, k_id_city, n_name_station) values (94,1,'BOG.Megaoutlet');
insert into station (k_id_station, k_id_city, n_name_station) values (95,1,'Bog.Molinos Sur');
insert into station (k_id_station, k_id_city, n_name_station) values (96,1,'BOG.Monte Loma');
insert into station (k_id_station, k_id_city, n_name_station) values (97,1,'BOG.Murillo Toro');
insert into station (k_id_station, k_id_city, n_name_station) values (98,1,'BOG.Muzu-2');
insert into station (k_id_station, k_id_city, n_name_station) values (99,1,'BOG.Nogal');
insert into station (k_id_station, k_id_city, n_name_station) values (100,1,'BOG.Nuevo Aeropuerto Multi');
insert into station (k_id_station, k_id_city, n_name_station) values (101,1,'BOG.Pablo Sexto-2');
insert into station (k_id_station, k_id_city, n_name_station) values (102,1,'BOG.Piamonte');
insert into station (k_id_station, k_id_city, n_name_station) values (103,1,'BOG.Pinar');
insert into station (k_id_station, k_id_city, n_name_station) values (104,1,'BOG.Plaza Americas-3');
insert into station (k_id_station, k_id_city, n_name_station) values (105,1,'BOG.Plaza Bolivar');
insert into station (k_id_station, k_id_city, n_name_station) values (106,1,'BOG.Plaza Claro-1');
insert into station (k_id_station, k_id_city, n_name_station) values (107,1,'BOG.Plaza Claro-5');
insert into station (k_id_station, k_id_city, n_name_station) values (108,1,'BOG.Politecnico');
insert into station (k_id_station, k_id_city, n_name_station) values (109,1,'BOG.Polo');
insert into station (k_id_station, k_id_city, n_name_station) values (110,1,'BOG.Pontevedra');
insert into station (k_id_station, k_id_city, n_name_station) values (111,1,'BOG.Portal Sur');
insert into station (k_id_station, k_id_city, n_name_station) values (112,1,'BOG.Profamilia');
insert into station (k_id_station, k_id_city, n_name_station) values (113,1,'BOG.PSB:P1');
insert into station (k_id_station, k_id_city, n_name_station) values (114,1,'BOG.PSB:P11');
insert into station (k_id_station, k_id_city, n_name_station) values (115,1,'BOG.PSB:P2');
insert into station (k_id_station, k_id_city, n_name_station) values (116,1,'BOG.PSB:P2 Nodo 2');
insert into station (k_id_station, k_id_city, n_name_station) values (117,1,'BOG.PSB:P4');
insert into station (k_id_station, k_id_city, n_name_station) values (118,1,'BOG.PSB:P9');
insert into station (k_id_station, k_id_city, n_name_station) values (119,1,'BOG.Quinta Paredes');
insert into station (k_id_station, k_id_city, n_name_station) values (120,1,'BOG.Quinta Paredes-4:P1');
insert into station (k_id_station, k_id_city, n_name_station) values (121,1,'BOG.Quirinal-2');
insert into station (k_id_station, k_id_city, n_name_station) values (122,1,'BOG.Quiroga');
insert into station (k_id_station, k_id_city, n_name_station) values (123,1,'BOG.Rb Aloha');
insert into station (k_id_station, k_id_city, n_name_station) values (124,1,'BOG.RB Comcel-2');
insert into station (k_id_station, k_id_city, n_name_station) values (125,1,'BOG.Rb Soledad-2:H2');
insert into station (k_id_station, k_id_city, n_name_station) values (126,1,'BOG.REDIL');
insert into station (k_id_station, k_id_city, n_name_station) values (127,1,'BOG.Restrepo-1');
insert into station (k_id_station, k_id_city, n_name_station) values (128,1,'BOG.Restrepo-3');
insert into station (k_id_station, k_id_city, n_name_station) values (129,1,'BOG.Rosales');
insert into station (k_id_station, k_id_city, n_name_station) values (130,1,'BOG.San Diego');
insert into station (k_id_station, k_id_city, n_name_station) values (131,1,'BOG.San Francisco Sur');
insert into station (k_id_station, k_id_city, n_name_station) values (132,1,'BOG.San Jorge');
insert into station (k_id_station, k_id_city, n_name_station) values (133,1,'BOG.San Jose Sur');
insert into station (k_id_station, k_id_city, n_name_station) values (134,1,'BOG.San Nicolas');
insert into station (k_id_station, k_id_city, n_name_station) values (135,1,'BOG.Santa Cecilia');
insert into station (k_id_station, k_id_city, n_name_station) values (136,1,'BOG.Santa Ines-1');
insert into station (k_id_station, k_id_city, n_name_station) values (137,1,'BOG.Santa Isabel-2');
insert into station (k_id_station, k_id_city, n_name_station) values (138,1,'BOG.Senado');
insert into station (k_id_station, k_id_city, n_name_station) values (139,1,'BOG.Soatama');
insert into station (k_id_station, k_id_city, n_name_station) values (140,1,'BOG.Soledad');
insert into station (k_id_station, k_id_city, n_name_station) values (141,1,'BOG.Temp Cirque');
insert into station (k_id_station, k_id_city, n_name_station) values (142,1,'BOG.Tequendama');
insert into station (k_id_station, k_id_city, n_name_station) values (143,1,'BOG.Teusaquillo Parque P6');
insert into station (k_id_station, k_id_city, n_name_station) values (144,1,'BOG.Teusaquillo-2');
insert into station (k_id_station, k_id_city, n_name_station) values (145,1,'BOG.Tibana');
insert into station (k_id_station, k_id_city, n_name_station) values (146,1,'BOG.Tierra Firme');
insert into station (k_id_station, k_id_city, n_name_station) values (147,1,'BOG.Torca-2 P2');
insert into station (k_id_station, k_id_city, n_name_station) values (148,1,'BOG.Tunel Americas');
insert into station (k_id_station, k_id_city, n_name_station) values (149,1,'BOG.Tunjuelito');
insert into station (k_id_station, k_id_city, n_name_station) values (150,1,'BOG.Tunjuelito-3');
insert into station (k_id_station, k_id_city, n_name_station) values (151,1,'BOG.Valladolid');
insert into station (k_id_station, k_id_city, n_name_station) values (152,1,'BOG.Velodromo-2');
insert into station (k_id_station, k_id_city, n_name_station) values (153,1,'BOG.Villa Alsacia');
insert into station (k_id_station, k_id_city, n_name_station) values (154,1,'BOG.Villa del Prado-2');
insert into station (k_id_station, k_id_city, n_name_station) values (155,1,'SOA.Soacha-2');
insert into station (k_id_station, k_id_city, n_name_station) values (156,2,'CHI.Puente Piedra');
insert into station (k_id_station, k_id_city, n_name_station) values (158,3,'CHI.Colombia');
insert into station (k_id_station, k_id_city, n_name_station) values (159,3,'CHI.Delicias');
insert into station (k_id_station, k_id_city, n_name_station) values (160,3,'CUN.Funza');
insert into station (k_id_station, k_id_city, n_name_station) values (161,3,'CUN.IND Pisa');
insert into station (k_id_station, k_id_city, n_name_station) values (162,3,'CUN.IND Tractocarga P1');
insert into station (k_id_station, k_id_city, n_name_station) values (163,3,'CUN.IND Tractocarga P2S1');
insert into station (k_id_station, k_id_city, n_name_station) values (164,3,'CUN.Las Delicias');
insert into station (k_id_station, k_id_city, n_name_station) values (165,3,'CUN.Madrid-3');
insert into station (k_id_station, k_id_city, n_name_station) values (166,3,'CUN.Madrid-4');
insert into station (k_id_station, k_id_city, n_name_station) values (167,3,'CUN.Madrid-6');
insert into station (k_id_station, k_id_city, n_name_station) values (168,3,'CUN.Mesa de Yeguas:H1');
insert into station (k_id_station, k_id_city, n_name_station) values (169,3,'CUN.Mosquera-2');
insert into station (k_id_station, k_id_city, n_name_station) values (170,3,'CUN.Puente Quetame');
insert into station (k_id_station, k_id_city, n_name_station) values (171,3,'CUN.Siberia-1');
insert into station (k_id_station, k_id_city, n_name_station) values (172,3,'CUN.Tausa');
insert into station (k_id_station, k_id_city, n_name_station) values (173,4,'SAN.Buenavista');
insert into station (k_id_station, k_id_city, n_name_station) values (174,4,'SAN.Tom Hooker');
insert into station (k_id_station, k_id_city, n_name_station) values (175,5,'SOA.Compartir');
insert into station (k_id_station, k_id_city, n_name_station) values (176,5,'SOA.Porvenir');
insert into station (k_id_station, k_id_city, n_name_station) values (177,5,'SOA.Rb La Chucua');
insert into station (k_id_station, k_id_city, n_name_station) values (178,5,'SOA.San Marcos:H2');
insert into station (k_id_station, k_id_city, n_name_station) values (179,5,'SOA.San Mateo-2');
insert into station (k_id_station, k_id_city, n_name_station) values (180,5,'SOA.Soacha-2');
insert into station (k_id_station, k_id_city, n_name_station) values (181,6,'ATL.Piojo-2');
insert into station (k_id_station, k_id_city, n_name_station) values (182,7,'BAR.Altamira');
insert into station (k_id_station, k_id_city, n_name_station) values (183,7,'BAR.Americas');
insert into station (k_id_station, k_id_city, n_name_station) values (184,7,'BAR.Asuncion');
insert into station (k_id_station, k_id_city, n_name_station) values (185,7,'BAR.Buenavista-2 (P1)');
insert into station (k_id_station, k_id_city, n_name_station) values (186,7,'BAR.Buenavista-2 (P3)');
insert into station (k_id_station, k_id_city, n_name_station) values (187,7,'BAR.Calle 17-2');
insert into station (k_id_station, k_id_city, n_name_station) values (188,7,'BAR.Calle 72');
insert into station (k_id_station, k_id_city, n_name_station) values (189,7,'BAR.Calle 82');
insert into station (k_id_station, k_id_city, n_name_station) values (190,7,'BAR.Centro-1:H1');
insert into station (k_id_station, k_id_city, n_name_station) values (191,7,'BAR.Circunvalar-2 (P1)');
insert into station (k_id_station, k_id_city, n_name_station) values (192,7,'BAR.CUMBRE');
insert into station (k_id_station, k_id_city, n_name_station) values (193,7,'BAR.Estadio Metro');
insert into station (k_id_station, k_id_city, n_name_station) values (194,7,'BAR.Estadio Metro-2');
insert into station (k_id_station, k_id_city, n_name_station) values (195,7,'BAR.Flexotar');
insert into station (k_id_station, k_id_city, n_name_station) values (196,7,'BAR.Helena');
insert into station (k_id_station, k_id_city, n_name_station) values (197,7,'BAR.IND Carvajal Espacios');
insert into station (k_id_station, k_id_city, n_name_station) values (198,7,'BAR.IND Equinorte');
insert into station (k_id_station, k_id_city, n_name_station) values (199,7,'BAR.Los Andes');
insert into station (k_id_station, k_id_city, n_name_station) values (200,7,'BAR.Sena');
insert into station (k_id_station, k_id_city, n_name_station) values (201,7,'BAR.Uninorte-2');
insert into station (k_id_station, k_id_city, n_name_station) values (202,8,'BOL.Juan Arias');
insert into station (k_id_station, k_id_city, n_name_station) values (203,8,'BOL.Montecristo');
insert into station (k_id_station, k_id_city, n_name_station) values (204,8,'BOL.San Pablo-2');
insert into station (k_id_station, k_id_city, n_name_station) values (205,9,'CAR.India Catalina');
insert into station (k_id_station, k_id_city, n_name_station) values (206,9,'CAR.La Princesa');
insert into station (k_id_station, k_id_city, n_name_station) values (207,9,'CAR.La Quinta');
insert into station (k_id_station, k_id_city, n_name_station) values (208,9,'CAR.Mamonal-2');
insert into station (k_id_station, k_id_city, n_name_station) values (209,9,'CAR.Mamonal-2 (P1)');
insert into station (k_id_station, k_id_city, n_name_station) values (210,9,'CAR.Mamonal-3 Reub');
insert into station (k_id_station, k_id_city, n_name_station) values (211,9,'CAR.Manga');
insert into station (k_id_station, k_id_city, n_name_station) values (212,9,'CAR.Surtigas');
insert into station (k_id_station, k_id_city, n_name_station) values (213,9,'CAR.Tamarindo');
insert into station (k_id_station, k_id_city, n_name_station) values (214,10,'CES.Aguachica-10');
insert into station (k_id_station, k_id_city, n_name_station) values (215,11,'COR.Montelibano-4');
insert into station (k_id_station, k_id_city, n_name_station) values (216,11,'COR.Montelibano-8');
insert into station (k_id_station, k_id_city, n_name_station) values (217,11,'COR.San Carlos');
insert into station (k_id_station, k_id_city, n_name_station) values (218,12,'GUJ.Papayal');
insert into station (k_id_station, k_id_city, n_name_station) values (219,12,'GUJ.San Juan');
insert into station (k_id_station, k_id_city, n_name_station) values (220,12,'GUJ.San Juan-2');
insert into station (k_id_station, k_id_city, n_name_station) values (221,13,'MAG.Fundacion-3');
insert into station (k_id_station, k_id_city, n_name_station) values (222,13,'MAG.Paraiso');
insert into station (k_id_station, k_id_city, n_name_station) values (223,13,'STA.Rb Unimag');
insert into station (k_id_station, k_id_city, n_name_station) values (224,14,'MON.El Ceibal');
insert into station (k_id_station, k_id_city, n_name_station) values (225,15,'SIN.Av San Carlos');
insert into station (k_id_station, k_id_city, n_name_station) values (226,15,'SIN.Candelaria-2');
insert into station (k_id_station, k_id_city, n_name_station) values (227,15,'SIN.Exito');
insert into station (k_id_station, k_id_city, n_name_station) values (228,16,'SUC.La Union');
insert into station (k_id_station, k_id_city, n_name_station) values (229,16,'SUC.Ovejas');
insert into station (k_id_station, k_id_city, n_name_station) values (230,16,'SUC.Since');
insert into station (k_id_station, k_id_city, n_name_station) values (231,16,'SUC.Sucre');
insert into station (k_id_station, k_id_city, n_name_station) values (234,17,'VAD.Batallon');
insert into station (k_id_station, k_id_city, n_name_station) values (235,18,'ANT.Argelia');
insert into station (k_id_station, k_id_city, n_name_station) values (236,18,'ANT.Carmen Viboral');
insert into station (k_id_station, k_id_city, n_name_station) values (237,18,'ANT.IND CCC Ituango-1');
insert into station (k_id_station, k_id_city, n_name_station) values (238,18,'ANT.IND CCC Ituango-2');
insert into station (k_id_station, k_id_city, n_name_station) values (239,18,'ANT.IND Gramalote Jerico');
insert into station (k_id_station, k_id_city, n_name_station) values (240,18,'ANT.Ituango Santa Ana');
insert into station (k_id_station, k_id_city, n_name_station) values (241,18,'ANT.Peque Vega');
insert into station (k_id_station, k_id_city, n_name_station) values (242,18,'ANT.Santa Rosa de Oso-4');
insert into station (k_id_station, k_id_city, n_name_station) values (243,19,'CAD.Anserma-2');
insert into station (k_id_station, k_id_city, n_name_station) values (244,19,'CAD.La Cabana');
insert into station (k_id_station, k_id_city, n_name_station) values (245,19,'CAD.Santagueda-2');
insert into station (k_id_station, k_id_city, n_name_station) values (246,20,'CAU.Valle Nuevo');
insert into station (k_id_station, k_id_city, n_name_station) values (247,21,'CHO.Paito');
insert into station (k_id_station, k_id_city, n_name_station) values (248,22,'MED.IND DACOM Castellana');
insert into station (k_id_station, k_id_city, n_name_station) values (249,22,'MED.80 con Guayabal');
insert into station (k_id_station, k_id_city, n_name_station) values (250,22,'MED.Alpujarra');
insert into station (k_id_station, k_id_city, n_name_station) values (251,22,'MED.Barrio Obrero');
insert into station (k_id_station, k_id_city, n_name_station) values (252,22,'MED.Bucaros');
insert into station (k_id_station, k_id_city, n_name_station) values (253,22,'MED.CARIBE');
insert into station (k_id_station, k_id_city, n_name_station) values (254,22,'MED.CC Santafe');
insert into station (k_id_station, k_id_city, n_name_station) values (255,22,'MED.Ciudad del Rio');
insert into station (k_id_station, k_id_city, n_name_station) values (256,22,'MED.Cola del zorro');
insert into station (k_id_station, k_id_city, n_name_station) values (257,22,'MED.Cristo Rey');
insert into station (k_id_station, k_id_city, n_name_station) values (258,22,'MED.Curva Kevins:H1 ALT1');
insert into station (k_id_station, k_id_city, n_name_station) values (259,22,'MED.El Regalo de Dios');
insert into station (k_id_station, k_id_city, n_name_station) values (260,22,'MED.Envigado');
insert into station (k_id_station, k_id_city, n_name_station) values (261,22,'MED.Estacion Ayura');
insert into station (k_id_station, k_id_city, n_name_station) values (262,22,'MED.IND ALEMAUTOS');
insert into station (k_id_station, k_id_city, n_name_station) values (263,22,'MED.IND Atanasio Sur');
insert into station (k_id_station, k_id_city, n_name_station) values (264,22,'MED.IND Comercial Jeans');
insert into station (k_id_station, k_id_city, n_name_station) values (265,22,'MED.IND Creatum');
insert into station (k_id_station, k_id_city, n_name_station) values (266,22,'MED.IND Dropopular');
insert into station (k_id_station, k_id_city, n_name_station) values (267,22,'MED.IND Gramalote');
insert into station (k_id_station, k_id_city, n_name_station) values (268,22,'MED.IND Metroalarmas');
insert into station (k_id_station, k_id_city, n_name_station) values (269,22,'MED.IND NAF NAF');
insert into station (k_id_station, k_id_city, n_name_station) values (270,22,'MED.IND ROR Ingenieria');
insert into station (k_id_station, k_id_city, n_name_station) values (271,22,'MED.IND Union Electrica');
insert into station (k_id_station, k_id_city, n_name_station) values (272,22,'MED.Macarena');
insert into station (k_id_station, k_id_city, n_name_station) values (273,22,'MED.Megacenter');
insert into station (k_id_station, k_id_city, n_name_station) values (274,22,'MED.Norte America');
insert into station (k_id_station, k_id_city, n_name_station) values (275,22,'MED.P.Municipal');
insert into station (k_id_station, k_id_city, n_name_station) values (276,22,'MED.P.Nacional');
insert into station (k_id_station, k_id_city, n_name_station) values (277,22,'MED.Palmas Retorno 1 ALT1');
insert into station (k_id_station, k_id_city, n_name_station) values (278,22,'MED.Palmas Salle');
insert into station (k_id_station, k_id_city, n_name_station) values (279,22,'MED.Palmas Salle ALT');
insert into station (k_id_station, k_id_city, n_name_station) values (280,22,'MED.Parque Lleras');
insert into station (k_id_station, k_id_city, n_name_station) values (281,22,'MED.Punto Clave');
insert into station (k_id_station, k_id_city, n_name_station) values (282,22,'MED.RB Salento');
insert into station (k_id_station, k_id_city, n_name_station) values (283,22,'MED.San Carbon');
insert into station (k_id_station, k_id_city, n_name_station) values (284,22,'MED.Santa Monica');
insert into station (k_id_station, k_id_city, n_name_station) values (285,22,'MED.Terminal del Sur');
insert into station (k_id_station, k_id_city, n_name_station) values (286,22,'MED.Udea');
insert into station (k_id_station, k_id_city, n_name_station) values (287,22,'MED.Volador');
insert into station (k_id_station, k_id_city, n_name_station) values (288,23,'PER.Alamos');
insert into station (k_id_station, k_id_city, n_name_station) values (289,23,'PER.Coliseo');
insert into station (k_id_station, k_id_city, n_name_station) values (290,23,'PER.Cuba-1');
insert into station (k_id_station, k_id_city, n_name_station) values (291,23,'PER.Cuba-2');
insert into station (k_id_station, k_id_city, n_name_station) values (292,23,'PER.Dosquebradas-2');
insert into station (k_id_station, k_id_city, n_name_station) values (293,23,'PER.La Libertad');
insert into station (k_id_station, k_id_city, n_name_station) values (294,23,'PER.La Romelia');
insert into station (k_id_station, k_id_city, n_name_station) values (295,23,'PER.Tecnologica:H2');
insert into station (k_id_station, k_id_city, n_name_station) values (296,24,'QUI.Salento Parque-2');
insert into station (k_id_station, k_id_city, n_name_station) values (297,25,'RIS.Santuario Parque');
insert into station (k_id_station, k_id_city, n_name_station) values (298,25,'RIS.Virginia-4');
insert into station (k_id_station, k_id_city, n_name_station) values (299,26,'BCA.CAMPESTRE');
insert into station (k_id_station, k_id_city, n_name_station) values (300,27,'BOY.Coper');
insert into station (k_id_station, k_id_city, n_name_station) values (301,27,'BOY.Jenesano');
insert into station (k_id_station, k_id_city, n_name_station) values (302,27,'BOY.Nobsa Dicho');
insert into station (k_id_station, k_id_city, n_name_station) values (303,27,'BOY.Rondon Rancho Grande');
insert into station (k_id_station, k_id_city, n_name_station) values (304,27,'BOY.Santana');
insert into station (k_id_station, k_id_city, n_name_station) values (305,28,'BUC.Antonia Santos-2');
insert into station (k_id_station, k_id_city, n_name_station) values (306,28,'BUC.Centro-2');
insert into station (k_id_station, k_id_city, n_name_station) values (307,28,'BUC.IND Juegos Perla');
insert into station (k_id_station, k_id_city, n_name_station) values (308,28,'BUC.Kennedy-2');
insert into station (k_id_station, k_id_city, n_name_station) values (309,28,'BUC.Parque Bolivar');
insert into station (k_id_station, k_id_city, n_name_station) values (310,29,'CUC.Aeropuerto');
insert into station (k_id_station, k_id_city, n_name_station) values (311,29,'CUC.Americas');
insert into station (k_id_station, k_id_city, n_name_station) values (312,29,'CUC.Belen');
insert into station (k_id_station, k_id_city, n_name_station) values (313,29,'CUC.Buenos Aires');
insert into station (k_id_station, k_id_city, n_name_station) values (314,29,'CUC.Centro');
insert into station (k_id_station, k_id_city, n_name_station) values (315,29,'CUC.Cundinamarca');
insert into station (k_id_station, k_id_city, n_name_station) values (316,29,'CUC.La Libertad');
insert into station (k_id_station, k_id_city, n_name_station) values (317,29,'CUC.Ley Centro');
insert into station (k_id_station, k_id_city, n_name_station) values (318,29,'CUC.Pinar del Rio');
insert into station (k_id_station, k_id_city, n_name_station) values (319,29,'CUC.San Martin');
insert into station (k_id_station, k_id_city, n_name_station) values (320,30,'NOR.Chinacota');
insert into station (k_id_station, k_id_city, n_name_station) values (321,30,'NOR.El Carmen');
insert into station (k_id_station, k_id_city, n_name_station) values (322,30,'NOR.Gramalote');
insert into station (k_id_station, k_id_city, n_name_station) values (323,30,'NOR.La Y');
insert into station (k_id_station, k_id_city, n_name_station) values (324,30,'NOR.Ocana-4');
insert into station (k_id_station, k_id_city, n_name_station) values (325,30,'NOR.Ocana-8');
insert into station (k_id_station, k_id_city, n_name_station) values (326,30,'NOR.Ocaña-8');
insert into station (k_id_station, k_id_city, n_name_station) values (327,30,'NOR.ORU');
insert into station (k_id_station, k_id_city, n_name_station) values (328,30,'NOR.Pamplona-2');
insert into station (k_id_station, k_id_city, n_name_station) values (329,30,'NOR.Union Campesina');
insert into station (k_id_station, k_id_city, n_name_station) values (330,30,'NOR.Via Pto Santander');
insert into station (k_id_station, k_id_city, n_name_station) values (331,31,'NOR.Via Pto Santander');
insert into station (k_id_station, k_id_city, n_name_station) values (332,31,'SND.Barichara');
insert into station (k_id_station, k_id_city, n_name_station) values (333,31,'SND.Campo Capote');
insert into station (k_id_station, k_id_city, n_name_station) values (334,31,'SND.Capitanejo');
insert into station (k_id_station, k_id_city, n_name_station) values (335,31,'SND.Malaga-1');
insert into station (k_id_station, k_id_city, n_name_station) values (336,31,'SND.Rb2 Piedecuesta-3');
insert into station (k_id_station, k_id_city, n_name_station) values (337,31,'SND.Rb2 Piedecuesta-3_ 1 NODO');
insert into station (k_id_station, k_id_city, n_name_station) values (338,31,'SND.Rb2 Piedecuesta-3_ 2 NODO');
insert into station (k_id_station, k_id_city, n_name_station) values (339,31,'SND.Socorro-2');
insert into station (k_id_station, k_id_city, n_name_station) values (340,31,'SND.VIA PIEDECUESTA');
insert into station (k_id_station, k_id_city, n_name_station) values (341,32,'TUN.Centro');
insert into station (k_id_station, k_id_city, n_name_station) values (342,33,'ARA.Cravo Norte');
insert into station (k_id_station, k_id_city, n_name_station) values (343,33,'ARA.Fortul');
insert into station (k_id_station, k_id_city, n_name_station) values (344,33,'ARA.Tame');
insert into station (k_id_station, k_id_city, n_name_station) values (345,33,'ARA.TAME-2');
insert into station (k_id_station, k_id_city, n_name_station) values (346,33,'ARA.Tame-3');
insert into station (k_id_station, k_id_city, n_name_station) values (347,33,'ARA.Tame-4');
insert into station (k_id_station, k_id_city, n_name_station) values (348,34,'CAS.Caribayona');
insert into station (k_id_station, k_id_city, n_name_station) values (349,34,'CAS.El Convento');
insert into station (k_id_station, k_id_city, n_name_station) values (350,35,'CHI.Rio Frio-2');
insert into station (k_id_station, k_id_city, n_name_station) values (351,36,'CUN.Anapoima La Chica');
insert into station (k_id_station, k_id_city, n_name_station) values (352,36,'CUN.Cota-2');
insert into station (k_id_station, k_id_city, n_name_station) values (353,36,'CUN.Madrid-3');
insert into station (k_id_station, k_id_city, n_name_station) values (354,36,'CUN.Madrid-4');
insert into station (k_id_station, k_id_city, n_name_station) values (355,36,'CUN.Parque Sopo');
insert into station (k_id_station, k_id_city, n_name_station) values (356,37,'GIR.IND Unicentro');
insert into station (k_id_station, k_id_city, n_name_station) values (357,37,'GIR.La Cruz');
insert into station (k_id_station, k_id_city, n_name_station) values (358,38,'MET.Acacias-7');
insert into station (k_id_station, k_id_city, n_name_station) values (359,38,'MET.Apiay-1');
insert into station (k_id_station, k_id_city, n_name_station) values (360,38,'MET.Apiay-3');
insert into station (k_id_station, k_id_city, n_name_station) values (361,38,'MET.Canaguaro');
insert into station (k_id_station, k_id_city, n_name_station) values (362,38,'MET.Lejanias');
insert into station (k_id_station, k_id_city, n_name_station) values (363,38,'MET.Lejanias-2');
insert into station (k_id_station, k_id_city, n_name_station) values (364,38,'MET.Mesetas');
insert into station (k_id_station, k_id_city, n_name_station) values (365,38,'MET.San Miguel');
insert into station (k_id_station, k_id_city, n_name_station) values (366,39,'VCH.El Progreso');
insert into station (k_id_station, k_id_city, n_name_station) values (367,39,'VCH.San Jose de Ocune');
insert into station (k_id_station, k_id_city, n_name_station) values (368,40,'VCO.Americas-2');
insert into station (k_id_station, k_id_city, n_name_station) values (369,40,'VCO.Catama-3');
insert into station (k_id_station, k_id_city, n_name_station) values (370,40,'VCO.Catama-3_2do Nodo');
insert into station (k_id_station, k_id_city, n_name_station) values (371,40,'VCO.Catama-3_3er Nodo');
insert into station (k_id_station, k_id_city, n_name_station) values (372,40,'VCO.La Campina');
insert into station (k_id_station, k_id_city, n_name_station) values (373,40,'VCO.Parque Malocas');
insert into station (k_id_station, k_id_city, n_name_station) values (374,40,'VCO.Porfia');
insert into station (k_id_station, k_id_city, n_name_station) values (375,40,'VCO.San Benito');
insert into station (k_id_station, k_id_city, n_name_station) values (376,40,'VCO.San Benito-2');
insert into station (k_id_station, k_id_city, n_name_station) values (377,41,'VCO.Parque Malocas');
insert into station (k_id_station, k_id_city, n_name_station) values (378,41,'YOP.Colina');
insert into station (k_id_station, k_id_city, n_name_station) values (379,41,'YOP.El Laguito');
insert into station (k_id_station, k_id_city, n_name_station) values (380,42,'BNV.Naval');
insert into station (k_id_station, k_id_city, n_name_station) values (381,42,'BNV.Variante');
insert into station (k_id_station, k_id_city, n_name_station) values (382,43,'	CAL.Carrefour Norte');
insert into station (k_id_station, k_id_city, n_name_station) values (383,43,'CAL.Acueducto');
insert into station (k_id_station, k_id_city, n_name_station) values (384,43,'CAL.Alamos');
insert into station (k_id_station, k_id_city, n_name_station) values (385,43,'CAL.Alhambra');
insert into station (k_id_station, k_id_city, n_name_station) values (386,43,'CAL.Americas');
insert into station (k_id_station, k_id_city, n_name_station) values (387,43,'CAL.APACHE-2');
insert into station (k_id_station, k_id_city, n_name_station) values (388,43,'CAL.Arroyohondo');
insert into station (k_id_station, k_id_city, n_name_station) values (389,43,'CAL.Banderas');
insert into station (k_id_station, k_id_city, n_name_station) values (390,43,'CAL.Calle 13');
insert into station (k_id_station, k_id_city, n_name_station) values (391,43,'CAL.Campina');
insert into station (k_id_station, k_id_city, n_name_station) values (392,43,'CAL.Caney');
insert into station (k_id_station, k_id_city, n_name_station) values (393,43,'CAL.Capri');
insert into station (k_id_station, k_id_city, n_name_station) values (394,43,'CAL.CARREFOUR NORTE');
insert into station (k_id_station, k_id_city, n_name_station) values (395,43,'CAL.Carrefour Sur');
insert into station (k_id_station, k_id_city, n_name_station) values (396,43,'CAL.Carrillon');
insert into station (k_id_station, k_id_city, n_name_station) values (397,43,'CAL.Ciudad Cordoba');
insert into station (k_id_station, k_id_city, n_name_station) values (398,43,'CAL.Ciudad Cordoba-2');
insert into station (k_id_station, k_id_city, n_name_station) values (399,43,'CAL.Ciudad Jardin');
insert into station (k_id_station, k_id_city, n_name_station) values (400,43,'CAL.Club Campestre');
insert into station (k_id_station, k_id_city, n_name_station) values (401,43,'CAL.Decepaz');
insert into station (k_id_station, k_id_city, n_name_station) values (402,43,'CAL.Delicias');
insert into station (k_id_station, k_id_city, n_name_station) values (403,43,'CAL.Departamental');
insert into station (k_id_station, k_id_city, n_name_station) values (404,43,'CAL.Ecopapel');
insert into station (k_id_station, k_id_city, n_name_station) values (405,43,'CAL.Exito');
insert into station (k_id_station, k_id_city, n_name_station) values (406,43,'CAL.IND Importadora');
insert into station (k_id_station, k_id_city, n_name_station) values (407,43,'CAL.Javeriana-2');
insert into station (k_id_station, k_id_city, n_name_station) values (408,43,'CAL.La 66');
insert into station (k_id_station, k_id_city, n_name_station) values (409,43,'CAL.La Floresta');
insert into station (k_id_station, k_id_city, n_name_station) values (410,43,'CAL.La Sirena');
insert into station (k_id_station, k_id_city, n_name_station) values (411,43,'CAL.Nueva Floresta');
insert into station (k_id_station, k_id_city, n_name_station) values (412,43,'CAL.Poblado-2');
insert into station (k_id_station, k_id_city, n_name_station) values (413,43,'CAL.Primavera');
insert into station (k_id_station, k_id_city, n_name_station) values (414,43,'CAL.Radisson');
insert into station (k_id_station, k_id_city, n_name_station) values (415,43,'CAL.San Nicolas');
insert into station (k_id_station, k_id_city, n_name_station) values (416,43,'CAL.Santo Domingo');
insert into station (k_id_station, k_id_city, n_name_station) values (417,43,'CAL.Villa del Lago');
insert into station (k_id_station, k_id_city, n_name_station) values (418,43,'CAL.Vipasa');
insert into station (k_id_station, k_id_city, n_name_station) values (419,44,'CAQ.Campo Hermoso');
insert into station (k_id_station, k_id_city, n_name_station) values (420,45,'CAU.El Bordo-2');
insert into station (k_id_station, k_id_city, n_name_station) values (421,45,'CAU.El Rosario');
insert into station (k_id_station, k_id_city, n_name_station) values (422,45,'CAU.IND Alival');
insert into station (k_id_station, k_id_city, n_name_station) values (423,45,'CAU.Purace-2');
insert into station (k_id_station, k_id_city, n_name_station) values (424,45,'CAU.Pureto');
insert into station (k_id_station, k_id_city, n_name_station) values (425,45,'CAU.RB Incauca');
insert into station (k_id_station, k_id_city, n_name_station) values (426,45,'CAU.Usenda');
insert into station (k_id_station, k_id_city, n_name_station) values (427,45,'CAU.Valle Nuevo');
insert into station (k_id_station, k_id_city, n_name_station) values (428,45,'Val.Guacari');
insert into station (k_id_station, k_id_city, n_name_station) values (429,46,'CUC.Centro');
insert into station (k_id_station, k_id_city, n_name_station) values (430,47,'FLO.Andes');
insert into station (k_id_station, k_id_city, n_name_station) values (431,47,'FLO.Ciudadela-2');
insert into station (k_id_station, k_id_city, n_name_station) values (432,47,'FLO.Florida');
insert into station (k_id_station, k_id_city, n_name_station) values (433,48,'HUI.Acevedo-2');
insert into station (k_id_station, k_id_city, n_name_station) values (434,48,'HUI.Garzon-3');
insert into station (k_id_station, k_id_city, n_name_station) values (435,48,'HUI.Garzon-4');
insert into station (k_id_station, k_id_city, n_name_station) values (436,48,'HUI.IND Prosegur Pitalito');
insert into station (k_id_station, k_id_city, n_name_station) values (437,48,'HUI.Suaza');
insert into station (k_id_station, k_id_city, n_name_station) values (438,49,'IBG.Aeropuerto');
insert into station (k_id_station, k_id_city, n_name_station) values (439,49,'IBG.Ambala-1');
insert into station (k_id_station, k_id_city, n_name_station) values (440,49,'IBG.Boqueron');
insert into station (k_id_station, k_id_city, n_name_station) values (441,49,'IBG.Boqueron:H1');
insert into station (k_id_station, k_id_city, n_name_station) values (442,49,'IBG.CC Estacion');
insert into station (k_id_station, k_id_city, n_name_station) values (443,49,'IBG.CC Estacion F.O');
insert into station (k_id_station, k_id_city, n_name_station) values (444,49,'IBG.IND Colombina');
insert into station (k_id_station, k_id_city, n_name_station) values (445,49,'IBG.IND Fibratela');
insert into station (k_id_station, k_id_city, n_name_station) values (446,49,'IBG.La Quinta-2');
insert into station (k_id_station, k_id_city, n_name_station) values (447,49,'IBG.Libertador');
insert into station (k_id_station, k_id_city, n_name_station) values (448,49,'IBG.Los Tunjos');
insert into station (k_id_station, k_id_city, n_name_station) values (449,49,'IBG.Matallana');
insert into station (k_id_station, k_id_city, n_name_station) values (450,49,'IBG.Pijao');
insert into station (k_id_station, k_id_city, n_name_station) values (451,50,'NAR.Cordoba');
insert into station (k_id_station, k_id_city, n_name_station) values (452,50,'NAR.IND Transcointer');
insert into station (k_id_station, k_id_city, n_name_station) values (453,50,'NAR.Ipiales-11');
insert into station (k_id_station, k_id_city, n_name_station) values (454,50,'NAR.Ipiales-13');
insert into station (k_id_station, k_id_city, n_name_station) values (455,50,'NAR.Ipiales-5');
insert into station (k_id_station, k_id_city, n_name_station) values (456,50,'NAR.PAZISARA');
insert into station (k_id_station, k_id_city, n_name_station) values (457,50,'NAR.Penol');
insert into station (k_id_station, k_id_city, n_name_station) values (458,50,'NAR.Potosi');
insert into station (k_id_station, k_id_city, n_name_station) values (459,50,'NAR.Tumaco-9');
insert into station (k_id_station, k_id_city, n_name_station) values (460,51,'POP.Caldas');
insert into station (k_id_station, k_id_city, n_name_station) values (461,52,'PUT.Siberia');
insert into station (k_id_station, k_id_city, n_name_station) values (462,53,'SND.Malaga-1');
insert into station (k_id_station, k_id_city, n_name_station) values (463,54,'TOL.Casabianca-2');
insert into station (k_id_station, k_id_city, n_name_station) values (464,54,'TOL.Falan');
insert into station (k_id_station, k_id_city, n_name_station) values (465,54,'TOL.Guamo-2');
insert into station (k_id_station, k_id_city, n_name_station) values (466,54,'TOL.Planadas-2');
insert into station (k_id_station, k_id_city, n_name_station) values (467,54,'TOL.RB Suarez');
insert into station (k_id_station, k_id_city, n_name_station) values (468,54,'TOL.Riomanso');
insert into station (k_id_station, k_id_city, n_name_station) values (469,55,'TUL.Chiminangos');
insert into station (k_id_station, k_id_city, n_name_station) values (470,55,'TUL.La Quinta');
insert into station (k_id_station, k_id_city, n_name_station) values (471,55,'TUL.Miraflores');
insert into station (k_id_station, k_id_city, n_name_station) values (472,56,'VAL.El Aguila');
insert into station (k_id_station, k_id_city, n_name_station) values (473,57,'VAL.Caicedonia-2');
insert into station (k_id_station, k_id_city, n_name_station) values (474,57,'VAL.El Aguila');
insert into station (k_id_station, k_id_city, n_name_station) values (475,57,'Val.Guacari');
insert into station (k_id_station, k_id_city, n_name_station) values (476,57,'VAL.Las Mananitas');

/* table technology*/
insert into technology (k_id_technology, n_name_technology) values (1,'2G');
insert into technology (k_id_technology, n_name_technology) values (2,'2G/3G');
insert into technology (k_id_technology, n_name_technology) values (3,'2G/3G/LTE');
insert into technology (k_id_technology, n_name_technology) values (4,'3G');
insert into technology (k_id_technology, n_name_technology) values (5,'3G/LTE');
insert into technology (k_id_technology, n_name_technology) values (6,'LTE');

/* table band*/
insert into band (k_id_band, n_name_band) values (1,'1900MHz');
insert into band (k_id_band, n_name_band) values (2,'2600MHz');
insert into band (k_id_band, n_name_band) values (3,'850MHz');
insert into band (k_id_band, n_name_band) values (4,'850MHz/1900MHz');
insert into band (k_id_band, n_name_band) values (5,'850MHz/1900MHz/2600MHz');

/*table status */
insert into status (k_id_status, n_name_status) values (1,'Cancelado');
insert into status (k_id_status, n_name_status) values (2,'Desmontado');
insert into status (k_id_status, n_name_status) values (3,'Escalado a Grupo Calidad');
insert into status (k_id_status, n_name_status) values (4,'Escalado a Implementacion');
insert into status (k_id_status, n_name_status) values (5,'Escalado a OyM');
insert into status (k_id_status, n_name_status) values (6,'Escalado a RF');
insert into status (k_id_status, n_name_status) values (7,'Escalado Control Cambios');
insert into status (k_id_status, n_name_status) values (8,'Produccion');
insert into status (k_id_status, n_name_status) values (9,'Seguimiento FO');
insert into status (k_id_status, n_name_status) values (10,'Temporal');

insert into status (k_id_status, n_name_status) values (11,'Escalado a GRDT');
insert into status (k_id_status, n_name_status) values (12,'Escalado a Care');
insert into status (k_id_status, n_name_status) values (13,'Escalado a NPO');
insert into status_on_air (k_id_status_onair, k_id_status,k_id_substatus) values (91,11,1);
insert into status_on_air (k_id_status_onair, k_id_status,k_id_substatus) values (92,11,2);
insert into status_on_air (k_id_status_onair, k_id_status,k_id_substatus) values (93,11,3);
insert into status_on_air (k_id_status_onair, k_id_status,k_id_substatus) values (94,11,4);
insert into status_on_air (k_id_status_onair, k_id_status,k_id_substatus) values (95,11,5);
insert into status_on_air (k_id_status_onair, k_id_status,k_id_substatus) values (96,11,6);
insert into status_on_air (k_id_status_onair, k_id_status,k_id_substatus) values (97,11,8);
insert into status_on_air (k_id_status_onair, k_id_status,k_id_substatus) values (98,11,10);
insert into status_on_air (k_id_status_onair, k_id_status,k_id_substatus) values (99,11,11);
insert into status_on_air (k_id_status_onair, k_id_status,k_id_substatus) values (100,11,12);
insert into status_on_air (k_id_status_onair, k_id_status,k_id_substatus) values (101,11,13);
insert into status_on_air (k_id_status_onair, k_id_status,k_id_substatus) values (102,11,14);
insert into status_on_air (k_id_status_onair, k_id_status,k_id_substatus) values (103,11,15);
insert into status_on_air (k_id_status_onair, k_id_status,k_id_substatus) values (104,11,16);
insert into status_on_air (k_id_status_onair, k_id_status,k_id_substatus) values (105,11,17);
insert into status_on_air (k_id_status_onair, k_id_status,k_id_substatus) values (106,12,1);
insert into status_on_air (k_id_status_onair, k_id_status,k_id_substatus) values (107,12,2);
insert into status_on_air (k_id_status_onair, k_id_status,k_id_substatus) values (108,12,3);
insert into status_on_air (k_id_status_onair, k_id_status,k_id_substatus) values (109,12,4);
insert into status_on_air (k_id_status_onair, k_id_status,k_id_substatus) values (110,12,5);
insert into status_on_air (k_id_status_onair, k_id_status,k_id_substatus) values (111,12,6);
insert into status_on_air (k_id_status_onair, k_id_status,k_id_substatus) values (112,12,8);
insert into status_on_air (k_id_status_onair, k_id_status,k_id_substatus) values (113,12,10);
insert into status_on_air (k_id_status_onair, k_id_status,k_id_substatus) values (114,12,11);
insert into status_on_air (k_id_status_onair, k_id_status,k_id_substatus) values (115,12,12);
insert into status_on_air (k_id_status_onair, k_id_status,k_id_substatus) values (116,12,13);
insert into status_on_air (k_id_status_onair, k_id_status,k_id_substatus) values (117,12,14);
insert into status_on_air (k_id_status_onair, k_id_status,k_id_substatus) values (118,12,15);
insert into status_on_air (k_id_status_onair, k_id_status,k_id_substatus) values (119,12,16);
insert into status_on_air (k_id_status_onair, k_id_status,k_id_substatus) values (120,12,17);
insert into status_on_air (k_id_status_onair, k_id_status,k_id_substatus) values (121,13,1);
insert into status_on_air (k_id_status_onair, k_id_status,k_id_substatus) values (122,13,2);
insert into status_on_air (k_id_status_onair, k_id_status,k_id_substatus) values (123,13,3);
insert into status_on_air (k_id_status_onair, k_id_status,k_id_substatus) values (124,13,4);
insert into status_on_air (k_id_status_onair, k_id_status,k_id_substatus) values (125,13,5);
insert into status_on_air (k_id_status_onair, k_id_status,k_id_substatus) values (126,13,6);
insert into status_on_air (k_id_status_onair, k_id_status,k_id_substatus) values (127,13,8);
insert into status_on_air (k_id_status_onair, k_id_status,k_id_substatus) values (128,13,10);
insert into status_on_air (k_id_status_onair, k_id_status,k_id_substatus) values (129,13,11);
insert into status_on_air (k_id_status_onair, k_id_status,k_id_substatus) values (130,13,12);
insert into status_on_air (k_id_status_onair, k_id_status,k_id_substatus) values (131,13,13);
insert into status_on_air (k_id_status_onair, k_id_status,k_id_substatus) values (132,13,14);
insert into status_on_air (k_id_status_onair, k_id_status,k_id_substatus) values (133,13,15);
insert into status_on_air (k_id_status_onair, k_id_status,k_id_substatus) values (134,13,16);
insert into status_on_air (k_id_status_onair, k_id_status,k_id_substatus) values (135,13,17);


/*table substatus */
insert into substatus (k_id_substatus, n_name_substatus) values (1,'Adyacencias Faltantes');
insert into substatus (k_id_substatus, n_name_substatus) values (2,'Alarmas de energia');
insert into substatus (k_id_substatus, n_name_substatus) values (3,'Alarmas de HW');
insert into substatus (k_id_substatus, n_name_substatus) values (4,'Alarmas de Rx Sistema Radiante');
insert into substatus (k_id_substatus, n_name_substatus) values (5,'Alarmas de TX');
insert into substatus (k_id_substatus, n_name_substatus) values (6,'Alto RTWP');
insert into substatus (k_id_substatus, n_name_substatus) values (7,'Cancelado');
insert into substatus (k_id_substatus, n_name_substatus) values (8,'Degradacion KPI');
insert into substatus (k_id_substatus, n_name_substatus) values (9,'Desmontado');
insert into substatus (k_id_substatus, n_name_substatus) values (10,'Error comisionamiento BTS');
insert into substatus (k_id_substatus, n_name_substatus) values (11,'Error configuracion Acceso');
insert into substatus (k_id_substatus, n_name_substatus) values (12,'Error de instalacion');
insert into substatus (k_id_substatus, n_name_substatus) values (13,'Pendiente CRQ');
insert into substatus (k_id_substatus, n_name_substatus) values (14,'Pendiente Evidencias');
insert into substatus (k_id_substatus, n_name_substatus) values (15,'Pendiente Pruebas Alarmas');
insert into substatus (k_id_substatus, n_name_substatus) values (16,'Revision Parcial');
insert into substatus (k_id_substatus, n_name_substatus) values (17,'Sitio Fuera de Servicio');
insert into substatus (k_id_substatus, n_name_substatus) values (18,'Precheck');
insert into substatus (k_id_substatus, n_name_substatus) values (19,'Reinicio 12H');
insert into substatus (k_id_substatus, n_name_substatus) values (20,'Reinicio Precheck');
insert into substatus (k_id_substatus, n_name_substatus) values (21,'Seguimiento 12H');
insert into substatus (k_id_substatus, n_name_substatus) values (22,'Seguimiento 24H');
insert into substatus (k_id_substatus, n_name_substatus) values (23,'Seguimiento 36H');
insert into substatus (k_id_substatus, n_name_substatus) values (24,'Activacion Cuarta Portadora');
insert into substatus (k_id_substatus, n_name_substatus) values (25,'Pendiente ID RF Tools');
insert into substatus (k_id_substatus, n_name_substatus) values (26,'Pendiente Sitio Limpio');
insert into substatus (k_id_substatus, n_name_substatus) values (27,'Pendiente Tareas Remedy');
insert into substatus (k_id_substatus, n_name_substatus) values (28,'Pendiente Testgestion');
insert into substatus (k_id_substatus, n_name_substatus) values (29,'Produccion');
insert into substatus (k_id_substatus, n_name_substatus) values (30,'Temporal');

/* table status_on_air */
insert into status_on_air (k_id_status_onair, k_id_status,k_id_substatus) values (1,3,1);
insert into status_on_air (k_id_status_onair, k_id_status,k_id_substatus) values (2,4,1);
insert into status_on_air (k_id_status_onair, k_id_status,k_id_substatus) values (3,5,1);
insert into status_on_air (k_id_status_onair, k_id_status,k_id_substatus) values (4,6,1);
insert into status_on_air (k_id_status_onair, k_id_status,k_id_substatus) values (5,7,1);
insert into status_on_air (k_id_status_onair, k_id_status,k_id_substatus) values (6,3,2);
insert into status_on_air (k_id_status_onair, k_id_status,k_id_substatus) values (7,4,2);
insert into status_on_air (k_id_status_onair, k_id_status,k_id_substatus) values (8,5,2);
insert into status_on_air (k_id_status_onair, k_id_status,k_id_substatus) values (9,6,2);
insert into status_on_air (k_id_status_onair, k_id_status,k_id_substatus) values (10,7,2);
insert into status_on_air (k_id_status_onair, k_id_status,k_id_substatus) values (11,3,3);
insert into status_on_air (k_id_status_onair, k_id_status,k_id_substatus) values (12,4,3);
insert into status_on_air (k_id_status_onair, k_id_status,k_id_substatus) values (13,5,3);
insert into status_on_air (k_id_status_onair, k_id_status,k_id_substatus) values (14,6,3);
insert into status_on_air (k_id_status_onair, k_id_status,k_id_substatus) values (15,7,3);
insert into status_on_air (k_id_status_onair, k_id_status,k_id_substatus) values (16,3,4);
insert into status_on_air (k_id_status_onair, k_id_status,k_id_substatus) values (17,4,4);
insert into status_on_air (k_id_status_onair, k_id_status,k_id_substatus) values (18,5,4);
insert into status_on_air (k_id_status_onair, k_id_status,k_id_substatus) values (19,6,4);
insert into status_on_air (k_id_status_onair, k_id_status,k_id_substatus) values (20,7,4);
insert into status_on_air (k_id_status_onair, k_id_status,k_id_substatus) values (21,3,5);
insert into status_on_air (k_id_status_onair, k_id_status,k_id_substatus) values (22,4,5);
insert into status_on_air (k_id_status_onair, k_id_status,k_id_substatus) values (23,5,5);
insert into status_on_air (k_id_status_onair, k_id_status,k_id_substatus) values (24,6,5);
insert into status_on_air (k_id_status_onair, k_id_status,k_id_substatus) values (25,7,5);
insert into status_on_air (k_id_status_onair, k_id_status,k_id_substatus) values (26,3,6);
insert into status_on_air (k_id_status_onair, k_id_status,k_id_substatus) values (27,4,6);
insert into status_on_air (k_id_status_onair, k_id_status,k_id_substatus) values (28,5,6);
insert into status_on_air (k_id_status_onair, k_id_status,k_id_substatus) values (29,6,6);
insert into status_on_air (k_id_status_onair, k_id_status,k_id_substatus) values (30,7,6);
insert into status_on_air (k_id_status_onair, k_id_status,k_id_substatus) values (31,1,7);
insert into status_on_air (k_id_status_onair, k_id_status,k_id_substatus) values (32,3,8);
insert into status_on_air (k_id_status_onair, k_id_status,k_id_substatus) values (33,4,8);
insert into status_on_air (k_id_status_onair, k_id_status,k_id_substatus) values (34,5,8);
insert into status_on_air (k_id_status_onair, k_id_status,k_id_substatus) values (35,6,8);
insert into status_on_air (k_id_status_onair, k_id_status,k_id_substatus) values (36,7,8);
insert into status_on_air (k_id_status_onair, k_id_status,k_id_substatus) values (37,2,9);
insert into status_on_air (k_id_status_onair, k_id_status,k_id_substatus) values (38,3,10);
insert into status_on_air (k_id_status_onair, k_id_status,k_id_substatus) values (39,4,10);
insert into status_on_air (k_id_status_onair, k_id_status,k_id_substatus) values (40,5,10);
insert into status_on_air (k_id_status_onair, k_id_status,k_id_substatus) values (41,6,10);
insert into status_on_air (k_id_status_onair, k_id_status,k_id_substatus) values (42,7,10);
insert into status_on_air (k_id_status_onair, k_id_status,k_id_substatus) values (43,3,11);
insert into status_on_air (k_id_status_onair, k_id_status,k_id_substatus) values (44,4,11);
insert into status_on_air (k_id_status_onair, k_id_status,k_id_substatus) values (45,5,11);
insert into status_on_air (k_id_status_onair, k_id_status,k_id_substatus) values (46,6,11);
insert into status_on_air (k_id_status_onair, k_id_status,k_id_substatus) values (47,7,11);
insert into status_on_air (k_id_status_onair, k_id_status,k_id_substatus) values (48,3,12);
insert into status_on_air (k_id_status_onair, k_id_status,k_id_substatus) values (49,4,12);
insert into status_on_air (k_id_status_onair, k_id_status,k_id_substatus) values (50,5,12);
insert into status_on_air (k_id_status_onair, k_id_status,k_id_substatus) values (51,6,12);
insert into status_on_air (k_id_status_onair, k_id_status,k_id_substatus) values (52,7,12);
insert into status_on_air (k_id_status_onair, k_id_status,k_id_substatus) values (53,3,13);
insert into status_on_air (k_id_status_onair, k_id_status,k_id_substatus) values (54,4,13);
insert into status_on_air (k_id_status_onair, k_id_status,k_id_substatus) values (55,5,13);
insert into status_on_air (k_id_status_onair, k_id_status,k_id_substatus) values (56,6,13);
insert into status_on_air (k_id_status_onair, k_id_status,k_id_substatus) values (57,7,13);
insert into status_on_air (k_id_status_onair, k_id_status,k_id_substatus) values (58,3,14);
insert into status_on_air (k_id_status_onair, k_id_status,k_id_substatus) values (59,4,14);
insert into status_on_air (k_id_status_onair, k_id_status,k_id_substatus) values (60,5,14);
insert into status_on_air (k_id_status_onair, k_id_status,k_id_substatus) values (61,6,14);
insert into status_on_air (k_id_status_onair, k_id_status,k_id_substatus) values (62,7,14);
insert into status_on_air (k_id_status_onair, k_id_status,k_id_substatus) values (63,3,15);
insert into status_on_air (k_id_status_onair, k_id_status,k_id_substatus) values (64,4,15);
insert into status_on_air (k_id_status_onair, k_id_status,k_id_substatus) values (65,5,15);
insert into status_on_air (k_id_status_onair, k_id_status,k_id_substatus) values (66,6,15);
insert into status_on_air (k_id_status_onair, k_id_status,k_id_substatus) values (67,7,15);
insert into status_on_air (k_id_status_onair, k_id_status,k_id_substatus) values (68,3,16);
insert into status_on_air (k_id_status_onair, k_id_status,k_id_substatus) values (69,4,16);
insert into status_on_air (k_id_status_onair, k_id_status,k_id_substatus) values (70,5,16);
insert into status_on_air (k_id_status_onair, k_id_status,k_id_substatus) values (71,6,16);
insert into status_on_air (k_id_status_onair, k_id_status,k_id_substatus) values (72,7,16);
insert into status_on_air (k_id_status_onair, k_id_status,k_id_substatus) values (73,3,17);
insert into status_on_air (k_id_status_onair, k_id_status,k_id_substatus) values (74,4,17);
insert into status_on_air (k_id_status_onair, k_id_status,k_id_substatus) values (75,5,17);
insert into status_on_air (k_id_status_onair, k_id_status,k_id_substatus) values (76,6,17);
insert into status_on_air (k_id_status_onair, k_id_status,k_id_substatus) values (77,7,17);
insert into status_on_air (k_id_status_onair, k_id_status,k_id_substatus) values (78,9,18);
insert into status_on_air (k_id_status_onair, k_id_status,k_id_substatus) values (79,9,19);
insert into status_on_air (k_id_status_onair, k_id_status,k_id_substatus) values (80,9,20);
insert into status_on_air (k_id_status_onair, k_id_status,k_id_substatus) values (81,9,21);
insert into status_on_air (k_id_status_onair, k_id_status,k_id_substatus) values (82,9,22);
insert into status_on_air (k_id_status_onair, k_id_status,k_id_substatus) values (83,9,23);
insert into status_on_air (k_id_status_onair, k_id_status,k_id_substatus) values (84,8,24);
insert into status_on_air (k_id_status_onair, k_id_status,k_id_substatus) values (85,8,25);
insert into status_on_air (k_id_status_onair, k_id_status,k_id_substatus) values (86,8,26);
insert into status_on_air (k_id_status_onair, k_id_status,k_id_substatus) values (87,8,27);
insert into status_on_air (k_id_status_onair, k_id_status,k_id_substatus) values (88,8,28);
insert into status_on_air (k_id_status_onair, k_id_status,k_id_substatus) values (89,8,29);
insert into status_on_air (k_id_status_onair, k_id_status,k_id_substatus) values (90,10,30);

/* table work */
insert into work (k_id_work, n_name_ork) values (1,'Adecuación LTE-Overlay-para LTE');
insert into work (k_id_work, n_name_ork) values (2,'Adecuaciones SE ');
insert into work (k_id_work, n_name_ork) values (3,'Cambio de HW LTE');
insert into work (k_id_work, n_name_ork) values (4,'Cambio de HW para MC - Upgrade Modulos RF');
insert into work (k_id_work, n_name_ork) values (5,'Cambio de HW para MC_3G-LTE-MMR');
insert into work (k_id_work, n_name_ork) values (6,'Cambio de Jumper en Feeder_CP 5P');
insert into work (k_id_work, n_name_ork) values (7,'Cambio de Jumper y Breaker Huawei');
insert into work (k_id_work, n_name_ork) values (8,'Cambio de Jumper y Breaker_3P-CP-5P');
insert into work (k_id_work, n_name_ork) values (9,'Cambio de Jumper y RRU');
insert into work (k_id_work, n_name_ork) values (10,'Channel Element');
insert into work (k_id_work, n_name_ork) values (11,'Channel Element + Upgrade Modulos RF');
insert into work (k_id_work, n_name_ork) values (12,'Channel Element_5P-CP- 5P + RF');
insert into work (k_id_work, n_name_ork) values (13,'Modernización Multiradio');
insert into work (k_id_work, n_name_ork) values (14,'Reubicación');
insert into work (k_id_work, n_name_ork) values (15,'Reubicacion de Equipos');
insert into work (k_id_work, n_name_ork) values (16,'RF Sharing a Dedicado');
insert into work (k_id_work, n_name_ork) values (17,'Rollback SI APLICA 3G');
insert into work (k_id_work, n_name_ork) values (18,'Sector Expasion 2G-3G-LTE');
insert into work (k_id_work, n_name_ork) values (19,'Sector Expasion Huawei');
insert into work (k_id_work, n_name_ork) values (20,'Segundo Nodo');
insert into work (k_id_work, n_name_ork) values (21,'Sitio Nuevo 2G');
insert into work (k_id_work, n_name_ork) values (22,'Sitio Nuevo 2G Huawei');
insert into work (k_id_work, n_name_ork) values (23,'Sitio Nuevo 3G');
insert into work (k_id_work, n_name_ork) values (24,'Sitio Nuevo 3G Huawei');
insert into work (k_id_work, n_name_ork) values (25,'Sitio Nuevo LTE');
insert into work (k_id_work, n_name_ork) values (26,'Sitio Nuevo LTE Huawei');
insert into work (k_id_work, n_name_ork) values (27,'SWAP');
insert into work (k_id_work, n_name_ork) values (28,'Swap Antenas Capa 4-5');
insert into work (k_id_work, n_name_ork) values (29,'Tercera - Cuarta - Quinta Portadora ');
insert into work (k_id_work, n_name_ork) values (30,'Tercera - Cuarta - Quinta Portadora Huawei ');

/*Table Users */
INSERT INTO user(k_id_user, n_name_user, n_last_name_user, n_username_user, n_mail_user, i_phone_user, i_cellphone_user, n_password, n_role_user) values (1018429648,'JHON ALEXANDER ','SANCHEZ QUINTERO','jasanchezq','Jhon.Sanchezq.ext@claro.com.co',1,1,'abc123','Ingeniero');
INSERT INTO user(k_id_user, n_name_user, n_last_name_user, n_username_user, n_mail_user, i_phone_user, i_cellphone_user, n_password, n_role_user) values (80845660,'GUILLERMO ALBERTO','ROJAS GUTIERREZ','garojasg','Guillermo.Rojas.ext@claro.com.co',1,1,'abc123','Ingeniero');
INSERT INTO user(k_id_user, n_name_user, n_last_name_user, n_username_user, n_mail_user, i_phone_user, i_cellphone_user, n_password, n_role_user) values (10756694,'LUIS CARLOS ','HIDALGO RENGIFO','lchidalgor','Luis.Hidalgo.Ext@claro.com.co',1,1,'abc123','Ingeniero');
INSERT INTO user(k_id_user, n_name_user, n_last_name_user, n_username_user, n_mail_user, i_phone_user, i_cellphone_user, n_password, n_role_user) values (80255600,'JORGE ORLANDO','CANTOR','jocantor','Jorge.Cantor.ext@claro.com.co',1,1,'abc123','Ingeniero');
INSERT INTO user(k_id_user, n_name_user, n_last_name_user, n_username_user, n_mail_user, i_phone_user, i_cellphone_user, n_password, n_role_user) values (1031169516,'DUBAN FELIPE','DELGADILLO CALDERON','dfdelgadilloc','Duban.Delgadilloc.ext@claro.com.co',1,1,'abc123','Documentador');
INSERT INTO user(k_id_user, n_name_user, n_last_name_user, n_username_user, n_mail_user, i_phone_user, i_cellphone_user, n_password, n_role_user) values (1030593528,'ANDRES FELIPE','NAVERRETE LOPEZ','afnaverretel','Andres.Naverrete.ext@claro.com.co',1,1,'abc123','Ingeniero');
INSERT INTO user(k_id_user, n_name_user, n_last_name_user, n_username_user, n_mail_user, i_phone_user, i_cellphone_user, n_password, n_role_user) values (1019011362,'SANDRA MILENA','DIAZ GOYENECHE','smdiazg','Sandra.Diazg.ext@claro.com.co',1,1,'abc123','Coordinador');
INSERT INTO user(k_id_user, n_name_user, n_last_name_user, n_username_user, n_mail_user, i_phone_user, i_cellphone_user, n_password, n_role_user) values (1015413292,'SEBASTIAN','VARGAS VELASQUEZ','svargasv','Sebastian.Vargasv.ext@claro.com.co',1,1,'abc123','Ingeniero');
INSERT INTO user(k_id_user, n_name_user, n_last_name_user, n_username_user, n_mail_user, i_phone_user, i_cellphone_user, n_password, n_role_user) values (80859728,'WILLIAM LEONARDO','DIAZ COBOS','wldiazc','William.Diaz.Ext@claro.com.co',1,1,'abc123','Ingeniero');
INSERT INTO user(k_id_user, n_name_user, n_last_name_user, n_username_user, n_mail_user, i_phone_user, i_cellphone_user, n_password, n_role_user) values (80821773,'HEVER','MONCAYO MARTINEZ','hmoncayom','Hever.Moncayom.Ext@claro.com.co',1,1,'abc123','Ingeniero');
INSERT INTO user(k_id_user, n_name_user, n_last_name_user, n_username_user, n_mail_user, i_phone_user, i_cellphone_user, n_password, n_role_user) values (80052296,'OSCAR','VANEGAS LANDINEZ','ovanegasl','Oscar.Vanegas.Ext@claro.com.co',1,1,'abc123','Ingeniero');
INSERT INTO user(k_id_user, n_name_user, n_last_name_user, n_username_user, n_mail_user, i_phone_user, i_cellphone_user, n_password, n_role_user) values (1090444665,'FRANCISCO JAVIER','ZAPATA SANABRIA','fjzapatas','Francisco.Zapatas.Ext@claro.com.co',1,1,'abc123','Ingeniero');
INSERT INTO user(k_id_user, n_name_user, n_last_name_user, n_username_user, n_mail_user, i_phone_user, i_cellphone_user, n_password, n_role_user) values (1075288718,'SEBASTIAN DAVITH','PARRADO BARRIOS','sdparradob','Sebastian.Parrado.Ext@claro.com.co',1,1,'abc123','Ingeniero');
INSERT INTO user(k_id_user, n_name_user, n_last_name_user, n_username_user, n_mail_user, i_phone_user, i_cellphone_user, n_password, n_role_user) values (80167627,'MICHAEL ANTONIO','FRANCO RAMIREZ','mafrancor','Michael.Francor.Ext@claro.com.co',1,1,'abc123','Ingeniero');
INSERT INTO user(k_id_user, n_name_user, n_last_name_user, n_username_user, n_mail_user, i_phone_user, i_cellphone_user, n_password, n_role_user) values (1030562892,'BELLO NICOLAS','ROBLES','bnrobles','Nicolas.Robles.Ext@claro.com.co',1,1,'abc123','Ingeniero');
INSERT INTO user(k_id_user, n_name_user, n_last_name_user, n_username_user, n_mail_user, i_phone_user, i_cellphone_user, n_password, n_role_user) values (79351878,'HERNANDO','LARROTA MARTINEZ','hlarrotam','Hernando.Larrota.Ext@claro.com.co',1,1,'abc123','Ingeniero');
INSERT INTO user(k_id_user, n_name_user, n_last_name_user, n_username_user, n_mail_user, i_phone_user, i_cellphone_user, n_password, n_role_user) values (1022337026,'NESTOR ALEXANDER','RODRIGUEZ TRUJILLO','narodriguezt','Nestor.Rodriguezt.Ext@claro.com.co',1,1,'abc123','Ingeniero');
INSERT INTO user(k_id_user, n_name_user, n_last_name_user, n_username_user, n_mail_user, i_phone_user, i_cellphone_user, n_password, n_role_user) values (80842787,'OSWALDO ALEXIS','SILVA GUILLEN','oasilvag','Oswaldo.Silva.ext@claro.com.co',1,1,'abc123','Ingeniero');
INSERT INTO user(k_id_user, n_name_user, n_last_name_user, n_username_user, n_mail_user, i_phone_user, i_cellphone_user, n_password, n_role_user) values (1015397820,'ADRIAN ORLANDO','CLAVIJO ROMERO','aoclavijor','Adrian.Clavijo.Ext@claro.com.co',1,1,'abc123','Ingeniero');
INSERT INTO user(k_id_user, n_name_user, n_last_name_user, n_username_user, n_mail_user, i_phone_user, i_cellphone_user, n_password, n_role_user) values (1024501684,'MAYRA ALEJANDRA','CORTES NUÑEZ','macortesn','Mayra.Cortesn.Ext@claro.com.co',1,1,'abc123','Ingeniero');
INSERT INTO user(k_id_user, n_name_user, n_last_name_user, n_username_user, n_mail_user, i_phone_user, i_cellphone_user, n_password, n_role_user) values (5829019,'JUAN CARLOS','GUTIERREZ GUTIERREZ','jcgutierrezg','Juan.Gutierrezg.Ext@claro.com.co',1,1,'abc123','Ingeniero');
INSERT INTO user(k_id_user, n_name_user, n_last_name_user, n_username_user, n_mail_user, i_phone_user, i_cellphone_user, n_password, n_role_user) values (1030530444,'JAVIER ALONSO','ROMERO GARCIA','jaromerog','Javier.Romerog.Ext@claro.com.co',1,1,'abc123','Ingeniero');
INSERT INTO user(k_id_user, n_name_user, n_last_name_user, n_username_user, n_mail_user, i_phone_user, i_cellphone_user, n_password, n_role_user) values (1049637364,'TATIANA MILENA ','TORRES ULLOA','tmtorresu','Tatiana.Torres.Ext@claro.com.co',1,1,'abc123','Ingeniero');
INSERT INTO user(k_id_user, n_name_user, n_last_name_user, n_username_user, n_mail_user, i_phone_user, i_cellphone_user, n_password, n_role_user) values (80731105,'JHON JAIRO','DIMATE BOHORQUEZ','jjdimateb','Jhon.Dimate.Ext@claro.com.co',1,1,'abc123','Ingeniero');
INSERT INTO user(k_id_user, n_name_user, n_last_name_user, n_username_user, n_mail_user, i_phone_user, i_cellphone_user, n_password, n_role_user) values (1069728225,'ORLANDO','DUQUE POLO','oduquep','Orlando.Duquep.Ext@claro.com.co',1,1,'abc123','Ingeniero');
INSERT INTO user(k_id_user, n_name_user, n_last_name_user, n_username_user, n_mail_user, i_phone_user, i_cellphone_user, n_password, n_role_user) values (1032373067,'ANDRES ','ESCOBAR QUICENO','aescobarq','Andres.Escobarq.Ext@claro.com.co',1,1,'abc123','Ingeniero');
INSERT INTO user(k_id_user, n_name_user, n_last_name_user, n_username_user, n_mail_user, i_phone_user, i_cellphone_user, n_password, n_role_user) values (1053610149,'JESUS ALBERTO ','VALBUENA VARGAS','javalbuenav','Jesus.Valbuenav.Ext@claro.com.co',1,1,'abc123','Ingeniero');
INSERT INTO user(k_id_user, n_name_user, n_last_name_user, n_username_user, n_mail_user, i_phone_user, i_cellphone_user, n_password, n_role_user) values (1032409839,'JAIRO ANDRES ','FAJARDO MENDOZA','jafajardom','Jairo.Fajardo.Ext@claro.com.co',1,1,'abc123','Ingeniero');
INSERT INTO user(k_id_user, n_name_user, n_last_name_user, n_username_user, n_mail_user, i_phone_user, i_cellphone_user, n_password, n_role_user) values (80214552,'JEISSON ANDRES','GALLEGO CASTILLO','jagallegoc','Jeisson.Gallego.Ext@claro.com.co',1,1,'abc123','Ingeniero');
INSERT INTO user(k_id_user, n_name_user, n_last_name_user, n_username_user, n_mail_user, i_phone_user, i_cellphone_user, n_password, n_role_user) values (1026574006,'DANIEL ALBERTO','DAZA VALBUENA','dadazav','Daniel.Daza.Ext@claro.com.co',1,1,'abc123','Ingeniero');
INSERT INTO user(k_id_user, n_name_user, n_last_name_user, n_username_user, n_mail_user, i_phone_user, i_cellphone_user, n_password, n_role_user) values (1024482221,'JOHANNA PAOLA','MESA SARMIENTO','jpmesas','Johanna.Mesa.ext@claro.com.co',1,1,'abc123','Ingeniero');
INSERT INTO user(k_id_user, n_name_user, n_last_name_user, n_username_user, n_mail_user, i_phone_user, i_cellphone_user, n_password, n_role_user) values (1023909261,'DIEGO FELIPE','DAZA TORRES','dfdazat','Diego.Dazat.Ext@claro.com.co',1,1,'abc123','Ingeniero');
INSERT INTO user(k_id_user, n_name_user, n_last_name_user, n_username_user, n_mail_user, i_phone_user, i_cellphone_user, n_password, n_role_user) values (1019016770,'RICARDO ANDRES','MIKAN FAJARDO','ramikanf','Ricardo.Mikan.Ext@claro.com.co',1,1,'abc123','Ingeniero');
INSERT INTO user(k_id_user, n_name_user, n_last_name_user, n_username_user, n_mail_user, i_phone_user, i_cellphone_user, n_password, n_role_user) values (13703881,'FRANKLIN ROBERTO','CHACON MENDEZ','frchaconm','Franklin.Chaconm.Ext@claro.com.co',1,1,'abc123','Coordinador');
INSERT INTO user(k_id_user, n_name_user, n_last_name_user, n_username_user, n_mail_user, i_phone_user, i_cellphone_user, n_password, n_role_user) values (1010192663,'OSCAR ALEXIS','GARZON PARRA','oagarzonp','Oscar.Garzonp.Ext@claro.com.co',1,1,'abc123','Ingeniero');
INSERT INTO user(k_id_user, n_name_user, n_last_name_user, n_username_user, n_mail_user, i_phone_user, i_cellphone_user, n_password, n_role_user) values (80750965,'EDWIN DAVID','RODRIGUEZ DUARTE','edrodriguezd','Edwin.Rodriguez.Ext@claro.com.co',1,1,'abc123','Ingeniero');
INSERT INTO user(k_id_user, n_name_user, n_last_name_user, n_username_user, n_mail_user, i_phone_user, i_cellphone_user, n_password, n_role_user) values (80094721,'DANIEL JOSE','CASTRILLON PUENTES','djcastrillonp','Daniel.Castrillon.Ext@claro.com.co',1,1,'abc123','Ingeniero');
INSERT INTO user(k_id_user, n_name_user, n_last_name_user, n_username_user, n_mail_user, i_phone_user, i_cellphone_user, n_password, n_role_user) values (80763541,'ALBEIRO','FORERO MALDONADO','aforerom','Albeiro.Forero.Ext@claro.com.co',1,1,'abc123','Ingeniero');
INSERT INTO user(k_id_user, n_name_user, n_last_name_user, n_username_user, n_mail_user, i_phone_user, i_cellphone_user, n_password, n_role_user) values (79903226,'MIGUEL ANGEL ','URREA GELVEZ','maurreag','Joan.Rodriguez.Ext@claro.com.co',1,1,'abc123','Ingeniero');
INSERT INTO user(k_id_user, n_name_user, n_last_name_user, n_username_user, n_mail_user, i_phone_user, i_cellphone_user, n_password, n_role_user) values (80118555,'ANDRES GILBERTO','SALAS CUBILLOS','agsalasc','Andres.Salas.Ext@claro.com.co',1,1,'abc123','Ingeniero');
INSERT INTO user(k_id_user, n_name_user, n_last_name_user, n_username_user, n_mail_user, i_phone_user, i_cellphone_user, n_password, n_role_user) values (74859920,'VICTOR HUGO','TORRES ARENAS','vhtorresa','NO',1,1,'abc123','Ingeniero');
INSERT INTO user(k_id_user, n_name_user, n_last_name_user, n_username_user, n_mail_user, i_phone_user, i_cellphone_user, n_password, n_role_user) values (1032438508,'LOWELL FERNEY','SUAREZ SANCHEZ','lfsuarezs','NO',1,1,'abc123','Ingeniero');
INSERT INTO user(k_id_user, n_name_user, n_last_name_user, n_username_user, n_mail_user, i_phone_user, i_cellphone_user, n_password, n_role_user) values (1072651024,'SERGIO ANDRES','CAMACHO','sacamacho','NO',1,1,'abc123','Ingeniero');
INSERT INTO user(k_id_user, n_name_user, n_last_name_user, n_username_user, n_mail_user, i_phone_user, i_cellphone_user, n_password, n_role_user) values (1069739600,'JAVIER SEBASTIAN','TORRRES MORALES','jstorrresm','NO',1,1,'abc123','Ingeniero');
INSERT INTO user(k_id_user, n_name_user, n_last_name_user, n_username_user, n_mail_user, i_phone_user, i_cellphone_user, n_password, n_role_user) values (1024492738,'MANUEL FREANCISCO ','PEÑA BELALCAZAR','mfpeñab','NO',1,1,'abc123','Ingeniero');
INSERT INTO user(k_id_user, n_name_user, n_last_name_user, n_username_user, n_mail_user, i_phone_user, i_cellphone_user, n_password, n_role_user) values (1019041808,'ANDRES FABIAN','ORTIZ VIVERO','afortizv','NO',1,1,'abc123','Ingeniero');
INSERT INTO user(k_id_user, n_name_user, n_last_name_user, n_username_user, n_mail_user, i_phone_user, i_cellphone_user, n_password, n_role_user) values (1110485280,'WILLIAM MAURICIO','AMADO RODRÍGUEZ ','wmamador','NO',1,1,'abc123','Ingeniero');
INSERT INTO user(k_id_user, n_name_user, n_last_name_user, n_username_user, n_mail_user, i_phone_user, i_cellphone_user, n_password, n_role_user) values (1071142125,'DUBAN ','GARZON VELANDIA','dgarzonv','NO',1,1,'abc123','Ingeniero');
INSERT INTO user(k_id_user, n_name_user, n_last_name_user, n_username_user, n_mail_user, i_phone_user, i_cellphone_user, n_password, n_role_user) values (1010212242,'JUAN DAVID','OSPINA DIAZ ','jdospinad','NO',1,1,'abc123','Ingeniero');
INSERT INTO user(k_id_user, n_name_user, n_last_name_user, n_username_user, n_mail_user, i_phone_user, i_cellphone_user, n_password, n_role_user) values (1032390028,'MARIA LORENA ','DIAZ BORRAY','mldiazb','NO',1,1,'abc123','Ingeniero');
INSERT INTO user(k_id_user, n_name_user, n_last_name_user, n_username_user, n_mail_user, i_phone_user, i_cellphone_user, n_password, n_role_user) values (1022948202,'JESÚS DAVID','GÓMEZ SIERRA ','jdgómezs','NO',1,1,'abc123','Ingeniero');
INSERT INTO user(k_id_user, n_name_user, n_last_name_user, n_username_user, n_mail_user, i_phone_user, i_cellphone_user, n_password, n_role_user) values (1012369910,'DARWIN JOAN','ROSO FRANCO','djrosof','NO',1,1,'abc123','Ingeniero');
INSERT INTO user(k_id_user, n_name_user, n_last_name_user, n_username_user, n_mail_user, i_phone_user, i_cellphone_user, n_password, n_role_user) values (56771859,'RAUL','ZUÑIGA','rzuñiga','NO',1,1,'abc123','Ingeniero');
INSERT INTO user(k_id_user, n_name_user, n_last_name_user, n_username_user, n_mail_user, i_phone_user, i_cellphone_user, n_password, n_role_user) values (1098690755,'JIDITH MIRLEIDYS','RIOS GUZMAN','jmriosg','NO',1,1,'abc123','Ingeniero');
INSERT INTO user(k_id_user, n_name_user, n_last_name_user, n_username_user, n_mail_user, i_phone_user, i_cellphone_user, n_password, n_role_user) values (1019053210,'CARLOS FELIPE ','TRIANA SALINAS','cftrianas','NO',1,1,'abc123','Ingeniero');
INSERT INTO user(k_id_user, n_name_user, n_last_name_user, n_username_user, n_mail_user, i_phone_user, i_cellphone_user, n_password, n_role_user) values (1016020742,'JHON DIEGO','LEDESMA CASTAÑO','jdledesmac','NO',1,1,'abc123','Ingeniero');
INSERT INTO user(k_id_user, n_name_user, n_last_name_user, n_username_user, n_mail_user, i_phone_user, i_cellphone_user, n_password, n_role_user) values (1098650914,'CARLOS OMAR','ORTIZ AREVALO','coortiza','NO',1,1,'abc123','Ingeniero');
INSERT INTO user(k_id_user, n_name_user, n_last_name_user, n_username_user, n_mail_user, i_phone_user, i_cellphone_user, n_password, n_role_user) values (63556518,'EDNA QUIDLEY ','RIVERA CIFUENTES','eqriverac','NO',1,1,'abc123','Ingeniero');
INSERT INTO user(k_id_user, n_name_user, n_last_name_user, n_username_user, n_mail_user, i_phone_user, i_cellphone_user, n_password, n_role_user) values (1090384205,'GUSTAVO ADOLFO','ANGARITA PADILLA','gaangaritap','NO',1,1,'abc123','Ingeniero');
INSERT INTO user(k_id_user, n_name_user, n_last_name_user, n_username_user, n_mail_user, i_phone_user, i_cellphone_user, n_password, n_role_user) values (79555523,'NELSON ORLANDO','CASTRO HERNANDEZ','nocastroh','NO',1,1,'abc123','Ingeniero');
INSERT INTO user(k_id_user, n_name_user, n_last_name_user, n_username_user, n_mail_user, i_phone_user, i_cellphone_user, n_password, n_role_user) values (80070973,'FABIO NELSON','GARCIA TORRES','fngarciat','Fabio.Garciat.Ext@claro.com.co',1,1,'abc123','Documentador');
INSERT INTO user(k_id_user, n_name_user, n_last_name_user, n_username_user, n_mail_user, i_phone_user, i_cellphone_user, n_password, n_role_user) values (7731175,'DIEGO FERNANDO','PARRADO BARRIOS','dfparradob','Diego.Parrado.Ext@claro.com.co',1,1,'abc123','Ingeniero');
INSERT INTO user(k_id_user, n_name_user, n_last_name_user, n_username_user, n_mail_user, i_phone_user, i_cellphone_user, n_password, n_role_user) values (1100961459,'ASTRID ','MELENDEZ','amelendez','Astrid.Melendez.ext@claro.com.co',1,1,'abc123','Ingeniero');
INSERT INTO user(k_id_user, n_name_user, n_last_name_user, n_username_user, n_mail_user, i_phone_user, i_cellphone_user, n_password, n_role_user) values (79972714,'OSCAR ALEJANDRO','BELTRAN MORENO','oabeltranm','Oscar.Beltranm.Ext@claro.com.co',1,1,'abc123','Ingeniero');
INSERT INTO user(k_id_user, n_name_user, n_last_name_user, n_username_user, n_mail_user, i_phone_user, i_cellphone_user, n_password, n_role_user) values (80732480,'WILSON FERNANDO','OSORIO GUZMÁN','wfosoriog','Wilson.Osorio.ext@claro.com.co',1,1,'abc123','Ingeniero');
INSERT INTO user(k_id_user, n_name_user, n_last_name_user, n_username_user, n_mail_user, i_phone_user, i_cellphone_user, n_password, n_role_user) values (1014233450,'JOAN DAVID','RODRIGUEZ TORO','jdrodriguezt','Joan.Rodriguez.Ext@claro.com.co',1,1,'abc123','Ingeniero');
INSERT INTO user(k_id_user, n_name_user, n_last_name_user, n_username_user, n_mail_user, i_phone_user, i_cellphone_user, n_password, n_role_user) values (1030596266,'STIVENSON','HERNANDEZ PEREZ','shernandezp','Stivenson.Hernandezp.Ext@claro.com.co',1,1,'abc123','Ingeniero');
INSERT INTO user(k_id_user, n_name_user, n_last_name_user, n_username_user, n_mail_user, i_phone_user, i_cellphone_user, n_password, n_role_user) values (79953655,'JUAN FELIPE','VALENCIA BOHORQUEZ','jfvalenciab','Juan.Valencia.Ext@claro.com.co',1,1,'abc123','Ingeniero');
INSERT INTO user(k_id_user, n_name_user, n_last_name_user, n_username_user, n_mail_user, i_phone_user, i_cellphone_user, n_password, n_role_user) values (80723336,'MANUEL VICENTE ','PARDO GÓMEZ','mvpardog','Manuel.Pardog.Ext@claro.com.co',1,1,'abc123','Ingeniero');
INSERT INTO user(k_id_user, n_name_user, n_last_name_user, n_username_user, n_mail_user, i_phone_user, i_cellphone_user, n_password, n_role_user) values (1015994636,'LENIN JOEL','PINZON','ljpinzon','Lenin.Pinzon.Ext@claro.com.co',1,1,'abc123','Ingeniero');
INSERT INTO user(k_id_user, n_name_user, n_last_name_user, n_username_user, n_mail_user, i_phone_user, i_cellphone_user, n_password, n_role_user) values (80245877,'OSCAR JAVIER','RUIZ GIL','ojruizg','Oscar.Ruiz.Ext@claro.com.co',1,1,'abc123','Ingeniero');
INSERT INTO user(k_id_user, n_name_user, n_last_name_user, n_username_user, n_mail_user, i_phone_user, i_cellphone_user, n_password, n_role_user) values (1127604383,'RAFAEL LEONARDO','FLOREZ ','rlflorez','Rafael.Florez.Ext@claro.com.co',1,1,'abc123','Ingeniero');
INSERT INTO user(k_id_user, n_name_user, n_last_name_user, n_username_user, n_mail_user, i_phone_user, i_cellphone_user, n_password, n_role_user) values (7182918,'MAURICIO','HERRERA NEIRA ','mherreran','Mauricio.Herrera.Ext@claro.com.co',1,1,'abc123','Ingeniero');
INSERT INTO user(k_id_user, n_name_user, n_last_name_user, n_username_user, n_mail_user, i_phone_user, i_cellphone_user, n_password, n_role_user) values (1019068513,'JORGE','MUÑOZ SALAZAR','jmuñozs','Jorge.Munoz.Ext@claro.com.co',1,1,'abc123','Ingeniero');
INSERT INTO user(k_id_user, n_name_user, n_last_name_user, n_username_user, n_mail_user, i_phone_user, i_cellphone_user, n_password, n_role_user) values (1071329512,'ERIC FABIAN','GOMEZ BALLEN','efgomezb','Eric.Gomez.Ext@claro.com.co',1,1,'abc123','Ingeniero');
INSERT INTO user(k_id_user, n_name_user, n_last_name_user, n_username_user, n_mail_user, i_phone_user, i_cellphone_user, n_password, n_role_user) values (1022994131,'ERIKA PAOLA ','HERNANDEZ SUARIQUE','ephernandezs','Erika.Hernandez.ext@claro.com.co',1,1,'abc123','Ingeniero');
INSERT INTO user(k_id_user, n_name_user, n_last_name_user, n_username_user, n_mail_user, i_phone_user, i_cellphone_user, n_password, n_role_user) values (1019003214,'MIGUEL ANGEL ','NIÑO HUERFANO','maniñoh','Miguel.Ninoh.Ext@claro.com.co',1,1,'abc123','Ingeniero');
